id,group,source,px,py,x,y,correction_x,final_model_x,final_model_y,correction_y,model_instance
U01,Upper,board-0130.jpg,545,226,-0.160007,0.74944,0.0,-0.160007,0.74944,0,U01
U02,Upper,board-0130.jpg,540,249,-0.162079,0.737308,0.0,-0.162079,0.737308,0,U02
U03,Upper,board-0130.jpg,537,265,-0.163322,0.728868,0.0,-0.163322,0.728868,0,U03
U04,Upper,board-0130.jpg,530,276,-0.166224,0.723066,0.0,-0.166224,0.723066,0,U04
U05,Upper,board-0130.jpg,520,284,-0.170368,0.718846,0.0,-0.170368,0.718846,0,U05
U06,Upper,board-0130.jpg,510,292,-0.174513,0.714626,0.0,-0.174513,0.714626,0,U06
U07,Upper,board-0130.jpg,487,328,-0.184046,0.695637,0.0,-0.184046,0.695637,0,U07
U08,Upper,board-0130.jpg,496,341,-0.180316,0.68878,0.0,-0.180316,0.68878,0,U08
U09,Upper,board-0130.jpg,507,356,-0.175757,0.680868,0.0,-0.175757,0.680868,0,U09
U10,Upper,board-0130.jpg,524,363,-0.168711,0.677176,0.0,-0.168711,0.677176,0,U10
U11,Upper,board-0130.jpg,544,351,-0.160421,0.683505,0.0,-0.160421,0.683505,0,U11
U12,Upper,board-0130.jpg,548,306,-0.158763,0.707242,0.0,-0.158763,0.707242,0,U12
U13,Upper,board-0130.jpg,577,280,-0.146743,0.720956,0.0,-0.146743,0.720956,0,U13
U14,Upper,board-0130.jpg,579,337,-0.145914,0.69089,0.0,-0.145914,0.69089,0,U14
L01,LowerBoard,board-0130.jpg,488,916,-0.183632,0.385484,0.0,-0.183632,0.430484,0.045,L01
L02,LowerBoard,board-0130.jpg,498,923,-0.179487,0.381791,0.0,-0.179487,0.426791,0.045,L02
L03,LowerBoard,board-0130.jpg,525,952,-0.168296,0.366495,0.0,-0.168296,0.411495,0.045,L03
L04,LowerBoard,board-0130.jpg,536,962,-0.163737,0.36122,0.0,-0.163737,0.40622,0.045,L04
L05,LowerBoard,board-0130.jpg,548,967,-0.158763,0.358582,0.0,-0.158763,0.403582,0.045,L05
L06,LowerBoard,board-0130.jpg,556,973,-0.155447,0.355418,0.0,-0.155447,0.400418,0.045,L06
L07,LowerBoard,board-0130.jpg,568,978,-0.150474,0.35278,0.0,-0.150474,0.39778,0.045,L07
L08,LowerBoard,board-0130.jpg,590,1000,-0.141355,0.341176,0.0,-0.141355,0.386176,0.045,P03 (merged cross-view overlap)
L09,LowerBoard,board-0130.jpg,603,1008,-0.135967,0.336956,0.0,-0.135967,0.381956,0.045,L09
L11,LowerBoard,board-0130.jpg,626,976,-0.126434,0.353835,0.0,-0.126434,0.398835,0.045,L11
L12,LowerBoard,board-0130.jpg,682,1005,-0.103224,0.338538,0.0,-0.103224,0.383538,0.045,L12
L14,LowerBoard,board-0130.jpg,822,1075,-0.045197,0.301615,0.0,-0.045197,0.346615,0.045,L14
P01,Plus,fair-0100.jpg,64,764,-0.164419,0.302286,0.0,-0.164419,0.372286,0.07,P01
P02,Plus,fair-0100.jpg,112,697,-0.153837,0.318238,-0.0032,-0.157037,0.388238,0.07,P02
P03,Plus,fair-0100.jpg,163,711,-0.142593,0.314905,0.0007,-0.141893,0.384905,0.07,P03
P04,Plus,fair-0100.jpg,216,724,-0.130909,0.31181,0.0041,-0.126809,0.38181,0.07,P04
P05,Plus,fair-0100.jpg,212,633,-0.131791,0.333476,0.0,-0.131791,0.403476,0.07,P05
P06,Plus,fair-0100.jpg,371,786,-0.096738,0.297048,0.0,-0.096738,0.367048,0.07,P06
P07,Plus,fair-0100.jpg,457,868,-0.077779,0.277524,0.0,-0.077779,0.347524,0.07,P07
P08,Plus,fair-0100.jpg,514,797,-0.065213,0.294429,-0.01,-0.075213,0.364429,0.07,P08
P09,Plus,fair-0100.jpg,514,759,-0.065213,0.303476,-0.01,-0.075213,0.373476,0.07,P09
P10,Plus,fair-0100.jpg,510,725,-0.066094,0.311571,-0.01,-0.076094,0.381571,0.07,P10
P11,Plus,fair-0100.jpg,583,867,-0.050001,0.277762,0.0,-0.050001,0.347762,0.07,P11
