tick,time,x,y,z,vx,vy,vz,lcd_solid_depth,left_entry,right_entry,terminal
0,0.000000,-0.2320000,0.2340000,-0.0520000,0.0000000,5.5000000,0.0000000,0.0000000,0,0,
1,0.008333,-0.2320000,0.2791464,-0.0520000,0.0000000,5.4175730,0.0000000,0.0000000,0,0,
2,0.016667,-0.2320000,0.3236061,-0.0520000,0.0000000,5.3351560,0.0000000,0.0000000,0,0,
3,0.025000,-0.2320000,0.3673790,-0.0520000,0.0000000,5.2527490,0.0000000,0.0000000,0,0,
4,0.033333,-0.2320000,0.4104653,-0.0520000,0.0000000,5.1703530,0.0000000,0.0000000,0,0,
5,0.041667,-0.2320000,0.4528650,-0.0520000,0.0000000,5.0879670,0.0000000,0.0000000,0,0,
6,0.050000,-0.2320000,0.4945783,-0.0520000,0.0000000,5.0055920,0.0000000,0.0000000,0,0,
7,0.058333,-0.2314823,0.5355576,-0.0520000,0.0621284,4.9175240,0.0000000,0.0000000,0,0,
8,0.066667,-0.2308441,0.5758396,-0.0520000,0.0765786,4.8338430,0.0000000,0.0000000,0,0,
9,0.075000,-0.2256307,0.6144074,-0.0520000,0.6256022,4.6281340,0.0000000,0.0000000,0,0,
10,0.083333,-0.2204181,0.6522892,-0.0520000,0.6255240,4.5458160,0.0000000,0.0000000,0,0,
11,0.091667,-0.2167000,0.6788232,-0.0520000,-0.2501781,4.4635080,0.0000000,0.0000000,0,0,
12,0.100000,-0.2187845,0.7153333,-0.0520000,-0.2501468,4.3812100,0.0000000,0.0000000,0,0,
13,0.108333,-0.2194497,0.7267666,-0.0520000,1.2899530,3.9772450,0.0000000,0.0000000,0,0,
14,0.116667,-0.2137679,0.7350960,-0.0520000,-0.5842748,3.3456280,0.0000000,0.0000000,0,0,
15,0.125000,-0.2153141,0.7437333,-0.0520000,1.3378860,2.7386530,0.0000000,0.0000000,0,0,
16,0.133333,-0.2136996,0.7450988,-0.0520725,2.1922510,1.8542470,-0.0983885,0.0000000,0,0,
17,0.141667,-0.1954332,0.7598677,-0.0528923,2.1919770,1.7722760,-0.0983762,0.0000000,0,0,
18,0.150000,-0.1771690,0.7739537,-0.0537120,2.1917030,1.6903140,-0.0983639,0.0000000,0,0,
19,0.158333,-0.1589071,0.7873567,-0.0545316,2.1914290,1.6083630,-0.0983516,0.0000000,0,0,
20,0.166667,-0.1406474,0.8000769,-0.0553511,2.1911550,1.5264220,-0.0983393,0.0000000,0,0,
21,0.175000,-0.1223901,0.8121144,-0.0561704,2.1908810,1.4444920,-0.0983270,0.0000000,0,0,
22,0.183333,-0.1041350,0.8234691,-0.0569897,2.1906080,1.3625710,-0.0983147,0.0000000,0,0,
23,0.191667,-0.0858822,0.8341413,-0.0578089,2.1903340,1.2806610,-0.0983024,0.0000000,0,0,
24,0.200000,-0.0676317,0.8441309,-0.0586280,2.1900600,1.1987610,-0.0982901,0.0000000,0,0,
25,0.208333,-0.0493835,0.8534382,-0.0594470,2.1897860,1.1168720,-0.0982778,0.0000000,0,0,
26,0.216667,-0.0311376,0.8620631,-0.0602659,2.1895130,1.0349920,-0.0982655,0.0000000,0,0,
27,0.225000,-0.0128939,0.8700058,-0.0610846,2.1892390,0.9531232,-0.0982533,0.0000000,0,0,
28,0.233333,0.0053475,0.8772663,-0.0619033,2.1889650,0.8712643,-0.0982410,0.0000000,0,0,
29,0.241667,0.0235866,0.8838448,-0.0627219,2.1886920,0.7894156,-0.0982287,0.0000000,0,0,
30,0.250000,0.0418234,0.8897412,-0.0635404,2.1884180,0.7075771,-0.0982164,0.0000000,0,0,
31,0.258333,0.0600579,0.8949558,-0.0643587,2.1881450,0.6257489,-0.0982041,0.0000000,0,0,
32,0.266667,0.0782902,0.8994886,-0.0651770,2.1878710,0.5439308,-0.0981919,0.0000000,0,0,
33,0.275000,0.0965202,0.9033396,-0.0659952,2.1875980,0.4621231,-0.0981796,0.0000000,0,0,
34,0.283333,0.1147479,0.9065089,-0.0668132,2.1873240,0.3803255,-0.0981673,0.0000000,0,0,
35,0.291667,0.1329733,0.9089968,-0.0676312,2.1870510,0.2985382,-0.0981551,0.0000000,0,0,
36,0.300000,0.1511965,0.9108031,-0.0684490,2.1867770,0.2167611,-0.0981428,0.0000000,0,0,
37,0.308333,0.1611214,0.9114159,-0.0688945,0.6580402,-1.4929680,-0.0981305,0.0000000,0,0,
38,0.316667,0.1665947,0.8983179,-0.0693789,0.6568016,-1.5717540,-0.0581319,0.0000000,0,0,
39,0.325000,0.1720570,0.8845676,-0.0694758,0.6554709,-1.6500410,-0.0116267,0.0000000,0,0,
40,0.333333,0.1775172,0.8701435,-0.0694952,0.6552277,-1.7308890,-0.0023255,0.0000000,0,1,
41,0.341667,0.1829772,0.8550415,-0.0694990,0.6551992,-1.8122450,-0.0004651,0.0000000,0,1,
42,0.350000,0.1884367,0.8392605,-0.0694998,0.6551345,-1.8937230,-0.0000932,0.0000000,0,1,
43,0.358333,0.1938955,0.8228003,-0.0695000,0.6550561,-1.9752190,-0.0000188,0.0000000,0,1,
44,0.366667,0.1993536,0.8056610,-0.0695000,0.6549749,-2.0567110,-0.0000038,0.0000000,0,1,
45,0.375000,0.2048111,0.7878428,-0.0695000,0.6548932,-2.1381930,-0.0000009,0.0000000,0,1,
46,0.383333,0.2102678,0.7693455,-0.0695000,0.6548114,-2.2196660,-0.0000002,0.0000000,0,1,
47,0.391667,0.2157239,0.7501695,-0.0695000,0.6547296,-2.3011280,-0.0000002,0.0000000,0,1,
48,0.400000,0.2115604,0.7339861,-0.0694728,-0.4996186,-1.9420040,0.0032973,0.0000000,0,1,
49,0.408333,0.2105566,0.7299199,-0.0694661,1.3018180,-0.7527440,0.0032969,0.0000000,0,1,
50,0.416667,0.2214037,0.7229666,-0.0694386,1.3016550,-0.8343897,0.0032965,0.0000000,0,1,
51,0.425000,0.2230514,0.7212946,-0.0694367,-0.7240450,-0.0945296,0.0012839,0.0000000,0,1,
52,0.433333,0.2170184,0.7198257,-0.0694260,-0.7239546,-0.1762576,0.0012837,0.0000000,0,1,
53,0.441667,0.2141889,0.7188174,-0.0694209,0.2517779,0.1861557,0.0012836,0.0000000,0,1,
54,0.450000,0.2162868,0.7196873,-0.0694102,0.2517465,0.1043927,0.0012834,0.0000000,0,1,
55,0.458333,0.2183844,0.7198759,-0.0693996,0.2517150,0.0226398,0.0012832,0.0000000,0,1,
56,0.466667,0.2204818,0.7193834,-0.0693889,0.2516835,-0.0591028,0.0012831,0.0000000,0,1,
57,0.475000,0.2225789,0.7182098,-0.0693782,0.2516521,-0.1408352,0.0012829,0.0000000,0,1,
58,0.483333,0.2222157,0.7162925,-0.0693642,-0.0075596,-0.2313917,0.0016833,0.0000000,0,1,
59,0.491667,0.2221527,0.7136833,-0.0693501,-0.0075587,-0.3131026,0.0016831,0.0000000,0,1,
60,0.500000,0.2209686,0.7144441,-0.0693299,-0.1197758,-0.0235991,0.0024363,0.0000000,0,1,
61,0.508333,0.2197570,0.7140795,-0.0693079,-0.1401022,-0.0568134,0.0026372,0.0000000,0,1,
62,0.516667,0.2184891,0.7130976,-0.0692849,-0.1521469,-0.1178333,0.0027673,0.0000000,0,1,
63,0.525000,0.2169014,0.7119840,-0.0692613,-0.1905251,-0.1336342,0.0028348,0.0000000,0,1,
64,0.533333,0.2150232,0.7106883,-0.0692372,-0.2253772,-0.1554792,0.0028919,0.0000000,0,1,
65,0.541667,0.2128605,0.7092006,-0.0692127,-0.2595239,-0.1785254,0.0029372,0.0000000,0,1,
66,0.550000,0.2104145,0.7075188,-0.0691879,-0.2935233,-0.2018149,0.0029735,0.0000000,0,1,
67,0.558333,0.2076854,0.7056425,-0.0691629,-0.3274895,-0.2251511,0.0030032,0.0000000,0,1,
68,0.566667,0.2046734,0.7035717,-0.0691377,-0.3614452,-0.2484953,0.0030277,0.0000000,0,1,
69,0.575000,0.2013784,0.7013065,-0.0691123,-0.3953972,-0.2718359,0.0030483,0.0000000,0,1,
70,0.583333,0.1980838,0.6983603,-0.0690869,-0.3953478,-0.3535417,0.0030479,0.0000000,0,1,
71,0.591667,0.1947897,0.6947333,-0.0690615,-0.3952984,-0.4352373,0.0030475,0.0000000,0,1,
72,0.600000,0.1914959,0.6904256,-0.0690361,-0.3952490,-0.5169227,0.0030471,0.0000000,0,1,
73,0.608333,0.1882026,0.6854373,-0.0690107,-0.3951996,-0.5985978,0.0030468,0.0000000,0,1,
74,0.616667,0.1898805,0.6801412,-0.0689853,0.0000000,-0.6506259,0.0031154,0.0000000,0,1,
75,0.625000,0.1902161,0.6740640,-0.0689588,0.0000000,-0.7322843,0.0031150,0.0000000,0,1,
76,0.633333,0.1902832,0.6672863,-0.0689324,0.0000000,-0.8139326,0.0031146,0.0000000,0,1,
77,0.641667,0.1919543,0.6604053,-0.0689056,0.2005278,-0.8257155,0.0032218,0.0000000,0,1,
78,0.650000,0.1936251,0.6528441,-0.0688787,0.2005027,-0.9073521,0.0032214,0.0000000,0,1,
79,0.658333,0.1952958,0.6446026,-0.0688519,0.2004777,-0.9889785,0.0032210,0.0000000,0,1,
80,0.666667,0.1969662,0.6356810,-0.0688250,0.2004526,-1.0705950,0.0032206,0.0000000,0,1,
81,0.675000,0.1986364,0.6260793,-0.0687982,0.2004276,-1.1522010,0.0032202,0.0000000,0,1,
82,0.683333,0.2003065,0.6157977,-0.0687714,0.2004025,-1.2337960,0.0032198,0.0000000,0,1,
83,0.691667,0.2019763,0.6048362,-0.0687445,0.2003775,-1.3153820,0.0032194,0.0000000,0,1,
84,0.700000,0.2036459,0.5931948,-0.0687177,0.2003524,-1.3969580,0.0032190,0.0000000,0,1,
85,0.708333,0.2053153,0.5808738,-0.0686909,0.2003274,-1.4785230,0.0032186,0.0000000,0,1,
86,0.716667,0.2069844,0.5678732,-0.0686641,0.2003023,-1.5600780,0.0032182,0.0000000,0,1,
87,0.725000,0.2086534,0.5541930,-0.0686373,0.2002773,-1.6416230,0.0032178,0.0000000,0,1,
88,0.733333,0.2063726,0.5408522,-0.0686092,-0.2736959,-1.6008970,0.0033728,0.0000000,0,1,
89,0.741667,0.2040921,0.5268319,-0.0685811,-0.2736617,-1.6824370,0.0033724,0.0000000,0,1,
90,0.750000,0.2018119,0.5121322,-0.0685530,-0.2736275,-1.7639670,0.0033720,0.0000000,0,1,
91,0.758333,0.1995319,0.4967531,-0.0685249,-0.2735932,-1.8454860,0.0033716,0.0000000,0,1,
92,0.766667,0.1972523,0.4806948,-0.0684968,-0.2735591,-1.9269950,0.0033712,0.0000000,0,1,
93,0.775000,0.1949729,0.4639574,-0.0684687,-0.2735249,-2.0084940,0.0033707,0.0000000,0,1,
94,0.783333,0.1926938,0.4465408,-0.0684406,-0.2734907,-2.0899830,0.0033703,0.0000000,0,1,
95,0.791667,0.1904150,0.4284453,-0.0684125,-0.2734565,-2.1714610,0.0033699,0.0000000,0,1,
96,0.800000,0.1888492,0.4155437,-0.0683932,0.5794853,0.7684631,0.0033695,0.0000000,0,1,
97,0.808333,0.1936777,0.4212656,-0.0683651,0.5794129,0.6866273,0.0033691,0.0000000,0,1,
98,0.816667,0.1985055,0.4263057,-0.0683371,0.5793405,0.6048017,0.0033686,0.0000000,0,1,
99,0.825000,0.2033327,0.4306639,-0.0683090,0.5792680,0.5229862,0.0033682,0.0000000,0,1,
100,0.833333,0.2081594,0.4343404,-0.0682809,0.5791956,0.4411811,0.0033678,0.0000000,0,1,
101,0.841667,0.2129854,0.4373353,-0.0682529,0.5791232,0.3593861,0.0033674,0.0000000,0,1,
102,0.850000,0.2178108,0.4396486,-0.0682248,0.5790508,0.2776015,0.0033669,0.0000000,0,1,
103,0.858333,0.2226356,0.4412805,-0.0681968,0.5789785,0.1958270,0.0033665,0.0000000,0,1,
104,0.866667,0.2274599,0.4422310,-0.0681687,0.5789061,0.1140627,0.0033661,0.0000000,0,1,
105,0.875000,0.2322835,0.4425003,-0.0681407,0.5788338,0.0323087,0.0033657,0.0000000,0,1,
106,0.883333,0.2371065,0.4420883,-0.0681126,0.5787614,-0.0494352,0.0033653,0.0000000,0,1,
107,0.891667,0.2407000,0.4412738,-0.0680917,-0.2314756,-0.1311688,0.0033648,0.0000000,0,1,
108,0.900000,0.2387713,0.4394997,-0.0680637,-0.2314467,-0.2128922,0.0033644,0.0000000,0,1,
109,0.908333,0.2368428,0.4370446,-0.0680357,-0.2314177,-0.2946053,0.0033640,0.0000000,0,1,
110,0.916667,0.2349146,0.4339087,-0.0680076,-0.2313888,-0.3763083,0.0033636,0.0000000,0,1,
111,0.925000,0.2329866,0.4300921,-0.0679796,-0.2313599,-0.4580011,0.0033632,0.0000000,0,1,
112,0.933333,0.2310588,0.4255947,-0.0679516,-0.2313310,-0.5396836,0.0033627,0.0000000,0,1,
113,0.941667,0.2291313,0.4204167,-0.0679236,-0.2313021,-0.6213560,0.0033623,0.0000000,0,1,
114,0.950000,0.2272040,0.4145583,-0.0678955,-0.2312731,-0.7030181,0.0033619,0.0000000,0,1,
115,0.958333,0.2252770,0.4080193,-0.0678675,-0.2312442,-0.7846700,0.0033615,0.0000000,0,1,
116,0.966667,0.2233502,0.4008001,-0.0678395,-0.2312153,-0.8663117,0.0033611,0.0000000,0,1,
117,0.975000,0.2214236,0.3929006,-0.0678115,-0.2311864,-0.9479432,0.0033606,0.0000000,0,1,
118,0.983333,0.2194973,0.3843209,-0.0677835,-0.2311575,-1.0295640,0.0033602,0.0000000,0,1,
119,0.991667,0.2175712,0.3750611,-0.0677555,-0.2311286,-1.1111760,0.0033598,0.0000000,0,1,
120,1.000000,0.2156454,0.3651212,-0.0677275,-0.2310998,-1.1927770,0.0033594,0.0000000,0,1,
121,1.008333,0.2137198,0.3545015,-0.0676995,-0.2310709,-1.2743670,0.0033590,0.0000000,0,1,Attacker
