項番,群,資料X,資料Y,盤面X,盤面Y,資料推定誤差px
1,1,173,736,72.5,488,1
2,1,180.5,739.5,76.25,489.75,1
3,1,188,743.5,80,491.75,1
4,1,196,747.5,84,493.75,1
5,1,204,751.5,88,495.75,1
6,1,211.5,755.5,91.75,497.75,1
7,1,219,759.5,95.5,499.75,1
8,1,226.5,763.5,99.25,501.75,1
9,1,234.5,768,103.25,504,1
10,1,242.5,772,107.25,506,1
11,2,261,782.5,116.5,511.25,1
12,2,269,786.5,120.5,513.25,1
13,2,277,790.5,124.5,515.25,1
14,2,284.5,794.5,128.25,517.25,1
15,2,292,798.5,132,519.25,1
16,2,300,802,136,521,1
17,2,308,806.5,140,523.25,1
18,2,315,810.5,143.5,525.25,1
19,2,323.5,814.5,147.75,527.25,1
20,2,331,819,151.5,529.5,1
21,2,339,823.5,155.5,531.75,1
22,2,347,827.5,159.5,533.75,1
23,3,363.5,836,167.75,538,1
24,3,371,840.5,171.5,540.25,1
25,3,379.5,845,175.75,542.5,1
26,3,387.5,848.5,179.75,544.25,1