項番,物理ID,役割,資料X,資料Y,盤面X,盤面Y,接触半径,採取方法,証拠状態
"1","1","michi","172","737","72","488.5","0.25","30点を一定間隔で式生成","未確認（実装点は採取済み、図の全点個別照合未完）"
"2","2","michi","179.45","740.9","75.725","490.45","0.25","30点を一定間隔で式生成","未確認（実装点は採取済み、図の全点個別照合未完）"
"3","3","michi","186.9","744.8","79.45","492.4","0.25","30点を一定間隔で式生成","未確認（実装点は採取済み、図の全点個別照合未完）"
"4","4","michi","194.35","748.7","83.175","494.35","0.25","30点を一定間隔で式生成","未確認（実装点は採取済み、図の全点個別照合未完）"
"5","5","michi","201.8","752.6","86.9","496.3","0.25","30点を一定間隔で式生成","未確認（実装点は採取済み、図の全点個別照合未完）"
"6","6","michi","209.25","756.5","90.625","498.25","0.25","30点を一定間隔で式生成","未確認（実装点は採取済み、図の全点個別照合未完）"
"7","7","michi","216.7","760.4","94.35","500.2","0.25","30点を一定間隔で式生成","未確認（実装点は採取済み、図の全点個別照合未完）"
"8","8","michi","224.15","764.3","98.075","502.15","0.25","30点を一定間隔で式生成","未確認（実装点は採取済み、図の全点個別照合未完）"
"9","9","michi","231.6","768.2","101.8","504.1","0.25","30点を一定間隔で式生成","未確認（実装点は採取済み、図の全点個別照合未完）"
"10","10","michi","239.05","772.1","105.525","506.05","0.25","30点を一定間隔で式生成","未確認（実装点は採取済み、図の全点個別照合未完）"
"11","11","michi","246.5","776","109.25","508","0.25","30点を一定間隔で式生成","未確認（実装点は採取済み、図の全点個別照合未完）"
"12","12","michi","253.95","779.9","112.975","509.95","0.25","30点を一定間隔で式生成","未確認（実装点は採取済み、図の全点個別照合未完）"
"13","13","michi","261.4","783.8","116.69999999999999","511.9","0.25","30点を一定間隔で式生成","未確認（実装点は採取済み、図の全点個別照合未完）"
"14","14","michi","268.85","787.7","120.42500000000001","513.85","0.25","30点を一定間隔で式生成","未確認（実装点は採取済み、図の全点個別照合未完）"
"15","15","michi","276.3","791.6","124.15","515.8","0.25","30点を一定間隔で式生成","未確認（実装点は採取済み、図の全点個別照合未完）"
"16","16","michi","283.75","795.5","127.875","517.75","0.25","30点を一定間隔で式生成","未確認（実装点は採取済み、図の全点個別照合未完）"
"17","17","michi","291.2","799.4","131.6","519.7","0.25","30点を一定間隔で式生成","未確認（実装点は採取済み、図の全点個別照合未完）"
"18","18","michi","298.65","803.3","135.325","521.65","0.25","30点を一定間隔で式生成","未確認（実装点は採取済み、図の全点個別照合未完）"
"19","19","michi","306.1","807.2","139.05","523.6","0.25","30点を一定間隔で式生成","未確認（実装点は採取済み、図の全点個別照合未完）"
"20","20","michi","313.55","811.1","142.775","525.55","0.25","30点を一定間隔で式生成","未確認（実装点は採取済み、図の全点個別照合未完）"
"21","21","michi","321","815","146.5","527.5","0.25","30点を一定間隔で式生成","未確認（実装点は採取済み、図の全点個別照合未完）"
"22","22","michi","328.45","818.9","150.22500000000002","529.45","0.25","30点を一定間隔で式生成","未確認（実装点は採取済み、図の全点個別照合未完）"
"23","23","michi","335.9","822.8","153.95","531.4","0.25","30点を一定間隔で式生成","未確認（実装点は採取済み、図の全点個別照合未完）"
"24","24","michi","343.35","826.7","157.675","533.35","0.25","30点を一定間隔で式生成","未確認（実装点は採取済み、図の全点個別照合未完）"
"25","25","michi","350.8","830.6","161.4","535.3","0.25","30点を一定間隔で式生成","未確認（実装点は採取済み、図の全点個別照合未完）"
"26","26","michi","358.25","834.5","165.125","537.25","0.25","30点を一定間隔で式生成","未確認（実装点は採取済み、図の全点個別照合未完）"
"27","27","michi","365.7","838.4","168.85000000000002","539.2","0.25","30点を一定間隔で式生成","未確認（実装点は採取済み、図の全点個別照合未完）"
"28","28","michi","373.15","842.3","172.575","541.15","0.25","30点を一定間隔で式生成","未確認（実装点は採取済み、図の全点個別照合未完）"
"29","29","michi","380.6","846.2","176.3","543.1","0.25","30点を一定間隔で式生成","未確認（実装点は採取済み、図の全点個別照合未完）"
"30","30","michi","388.05","850.1","180.025","545.05","0.25","30点を一定間隔で式生成","未確認（実装点は採取済み、図の全点個別照合未完）"
"31","31","prize","181","261","76.5","250.5","0.25","手動採寸の固定座標","未確認（実装点は採取済み、図の全点個別照合未完）"
"32","32","prize","185","269","78.5","254.5","0.25","手動採寸の固定座標","未確認（実装点は採取済み、図の全点個別照合未完）"
"33","33","prize","188","278","80","259","0.25","手動採寸の固定座標","未確認（実装点は採取済み、図の全点個別照合未完）"
"34","34","prize","190","287","81","263.5","0.25","手動採寸の固定座標","未確認（実装点は採取済み、図の全点個別照合未完）"
"35","35","prize","187","308","79.5","274","0.25","手動採寸の固定座標","未確認（実装点は採取済み、図の全点個別照合未完）"
"36","36","prize","174","325","73","282.5","0.25","手動採寸の固定座標","未確認（実装点は採取済み、図の全点個別照合未完）"
"37","37","prize","176","349","74","294.5","0.25","手動採寸の固定座標","未確認（実装点は採取済み、図の全点個別照合未完）"
"38","38","prize","169","355","70.5","297.5","0.25","手動採寸の固定座標","未確認（実装点は採取済み、図の全点個別照合未完）"
"39","39","prize","151","358","61.5","299","0.25","手動採寸の固定座標","未確認（実装点は採取済み、図の全点個別照合未完）"
"40","40","prize","132","349","52","294.5","0.25","手動採寸の固定座標","未確認（実装点は採取済み、図の全点個別照合未完）"
"41","41","prize","112","568","42","404","0.25","手動採寸の固定座標","未確認（実装点は採取済み、図の全点個別照合未完）"
"42","42","prize","134","570","53","405","0.25","手動採寸の固定座標","未確認（実装点は採取済み、図の全点個別照合未完）"
"43","43","prize","145","581","58.5","410.5","0.25","手動採寸の固定座標","未確認（実装点は採取済み、図の全点個別照合未完）"
"44","44","prize","151","590","61.5","415","0.25","手動採寸の固定座標","未確認（実装点は採取済み、図の全点個別照合未完）"
"45","45","prize","157","598","64.5","419","0.25","手動採寸の固定座標","未確認（実装点は採取済み、図の全点個別照合未完）"
"46","46","prize","96","583","34","411.5","0.25","手動採寸の固定座標","未確認（実装点は採取済み、図の全点個別照合未完）"
"47","47","prize","103","590","37.5","415","0.25","手動採寸の固定座標","未確認（実装点は採取済み、図の全点個別照合未完）"
"48","48","prize","91","607","31.5","423.5","0.25","手動採寸の固定座標","未確認（実装点は採取済み、図の全点個別照合未完）"
"49","49","prize","98","615","35","427.5","0.25","手動採寸の固定座標","未確認（実装点は採取済み、図の全点個別照合未完）"
"50","50","prize","107","621","39.5","430.5","0.25","手動採寸の固定座標","未確認（実装点は採取済み、図の全点個別照合未完）"
"51","51","prize","123","602","47.5","421","0.25","手動採寸の固定座標","未確認（実装点は採取済み、図の全点個別照合未完）"
"52","52","prize","141","612","56.5","426","0.25","手動採寸の固定座標","未確認（実装点は採取済み、図の全点個別照合未完）"
"53","53","prize","165","612","68.5","426","0.25","手動採寸の固定座標","未確認（実装点は採取済み、図の全点個別照合未完）"
"54","54","prize","121","636","46.5","438","0.25","手動採寸の固定座標","未確認（実装点は採取済み、図の全点個別照合未完）"
"55","55","prize","145","633","58.5","436.5","0.25","手動採寸の固定座標","未確認（実装点は採取済み、図の全点個別照合未完）"
"56","56","prize","157","639","64.5","439.5","0.25","手動採寸の固定座標","未確認（実装点は採取済み、図の全点個別照合未完）"
"57","57","prize","163","648","67.5","444","0.25","手動採寸の固定座標","未確認（実装点は採取済み、図の全点個別照合未完）"
"58","58","prize","170","657","71","448.5","0.25","手動採寸の固定座標","未確認（実装点は採取済み、図の全点個別照合未完）"
"59","59","prize","168","667","70","453.5","0.25","手動採寸の固定座標","未確認（実装点は採取済み、図の全点個別照合未完）"
"60","60","prize","167","677","69.5","458.5","0.25","手動採寸の固定座標","未確認（実装点は採取済み、図の全点個別照合未完）"
"61","61","prize","112","654","42","447","0.25","手動採寸の固定座標","未確認（実装点は採取済み、図の全点個別照合未完）"
"62","62","prize","124","683","48","461.5","0.25","手動採寸の固定座標","未確認（実装点は採取済み、図の全点個別照合未完）"
"63","63","prize","141","651","56.5","445.5","0.25","手動採寸の固定座標","未確認（実装点は採取済み、図の全点個別照合未完）"
"64","64","prize","149","658","60.5","449","0.25","手動採寸の固定座標","未確認（実装点は採取済み、図の全点個別照合未完）"
"65","65","prize","140","666","56","453","0.25","手動採寸の固定座標","未確認（実装点は採取済み、図の全点個別照合未完）"
"66","66","prize","150","676","61","458","0.25","手動採寸の固定座標","未確認（実装点は採取済み、図の全点個別照合未完）"
"67","67","prize","208","810","90","525","0.25","手動採寸の固定座標","未確認（実装点は採取済み、図の全点個別照合未完）"
"68","68","prize","221","826","96.5","533","0.25","手動採寸の固定座標","未確認（実装点は採取済み、図の全点個別照合未完）"
"69","69","prize","230","809","101","524.5","0.25","手動採寸の固定座標","未確認（実装点は採取済み、図の全点個別照合未完）"
"70","70","prize","237","801","104.5","520.5","0.25","手動採寸の固定座標","未確認（実装点は採取済み、図の全点個別照合未完）"
"71","71","prize","246","806","109","523","0.25","手動採寸の固定座標","未確認（実装点は採取済み、図の全点個別照合未完）"
"72","72","prize","252","817","112","528.5","0.25","手動採寸の固定座標","未確認（実装点は採取済み、図の全点個別照合未完）"
"73","73","prize","269","828","120.5","534","0.25","手動採寸の固定座標","未確認（実装点は採取済み、図の全点個別照合未完）"
"74","74","prize","283","815","127.5","527.5","0.25","手動採寸の固定座標","未確認（実装点は採取済み、図の全点個別照合未完）"
"75","75","prize","291","846","131.5","543","0.25","手動採寸の固定座標","未確認（実装点は採取済み、図の全点個別照合未完）"
"76","76","prize","302","819","137","529.5","0.25","手動採寸の固定座標","未確認（実装点は採取済み、図の全点個別照合未完）"
"77","77","prize","301","829","136.5","534.5","0.25","手動採寸の固定座標","未確認（実装点は採取済み、図の全点個別照合未完）"
"78","78","prize","311","847","141.5","543.5","0.25","手動採寸の固定座標","未確認（実装点は採取済み、図の全点個別照合未完）"
"79","79","prize","320","853","146","546.5","0.25","手動採寸の固定座標","未確認（実装点は採取済み、図の全点個別照合未完）"
"80","80","prize","329","860","150.5","550","0.25","手動採寸の固定座標","未確認（実装点は採取済み、図の全点個別照合未完）"
"81","81","prize","341","867","156.5","553.5","0.25","手動採寸の固定座標","未確認（実装点は採取済み、図の全点個別照合未完）"
"82","82","prize","348","882","160","561","0.25","手動採寸の固定座標","未確認（実装点は採取済み、図の全点個別照合未完）"
"83","83","prize","368","867","170","553.5","0.25","手動採寸の固定座標","未確認（実装点は採取済み、図の全点個別照合未完）"
"84","84","prize","388","858","180","549","0.25","手動採寸の固定座標","未確認（実装点は採取済み、図の全点個別照合未完）"
"85","85","prize","411","854","191.5","547","0.25","手動採寸の固定座標","未確認（実装点は採取済み、図の全点個別照合未完）"
"86","88","prize","478","855","225","547.5","0.25","手動採寸の固定座標","未確認（実装点は採取済み、図の全点個別照合未完）"
"87","89","denchu-guide","615","807","293.5","523.5","0.25","右下3釘を拡大図で照合","資料で確認済み（点の配置、実寸未測定）"
"88","90","denchu-guide","635","807","303.5","523.5","0.25","右下3釘を拡大図で照合","資料で確認済み（点の配置、実寸未測定）"
"89","91","denchu-guide","629","826","300.5","533","0.25","右下3釘を拡大図で照合","資料で確認済み（点の配置、実寸未測定）"
"90","92","michi","500","858","236","549","0.25","手動採寸の固定座標","資料で確認済み（点の配置、実寸未測定）"
"91","93","michi","502","849","237","544.5","0.25","手動採寸の固定座標","資料で確認済み（点の配置、実寸未測定）"
"92","94","michi","510","845","241","542.5","0.25","手動採寸の固定座標","資料で確認済み（点の配置、実寸未測定）"
"93","95","michi","518","841","245","540.5","0.25","手動採寸の固定座標","資料で確認済み（点の配置、実寸未測定）"
"94","96","michi","524","837","248","538.5","0.25","手動採寸の固定座標","資料で確認済み（点の配置、実寸未測定）"
"95","97","heso","435","849","203.5","544.5","0.25","ヘソ左右の手動採寸","未確認（実装点は採取済み、図の全点個別照合未完）"
"96","98","heso","455","849","213.5","544.5","0.25","ヘソ左右の手動採寸","未確認（実装点は採取済み、図の全点個別照合未完）"